Date,Revenue,rolling_7d_mean,rolling_7d_std,rolling_30d_mean,rolling_30d_std
2009-12-01,43894.87,,,,
2009-12-02,52762.06,,,,
2009-12-03,67413.62,,,,
2009-12-04,33913.81,,,,
2009-12-05,9803.05,,,,
2009-12-06,24390.1,,,,
2009-12-07,33002.49,37882.857142857145,18884.30704028587,,
2009-12-08,44763.34,38006.92428571428,18933.177720218067,,
2009-12-09,30763.170000000002,34864.22571428571,17871.827818949067,,
2009-12-10,38598.21,30747.73857142857,11197.281537936527,,
2009-12-11,39204.17,31503.504285714287,11617.254656687546,,
2009-12-13,21577.35,33185.54714285715,8342.437493867748,,
2009-12-14,51245.159999999996,37021.98428571429,9689.681423073816,,
2009-12-15,46836.63,38998.29,10133.854175763201,,
2009-12-16,36927.3,37878.85571428571,9818.785303107941,,
2009-12-17,29758.87,37735.38428571429,9946.593767308577,,
2009-12-18,31562.72,36730.31428571428,10197.177073973064,,
2009-12-20,11355.19,32751.88857142857,13849.647371801475,,
2009-12-21,15549.64,31890.78714285714,14814.030330941578,,
2009-12-22,10696.59,26098.13428571428,13883.151790628393,,
2009-12-23,9485.67,20762.282857142858,11568.931193271785,,
2010-01-04,13415.09,17403.395714285714,9280.262366172357,,
2010-01-05,19051.19,15873.727142857142,7642.184429469333,,
2010-01-06,8731.26,12612.089999999998,3670.1566537365056,,
2010-01-07,72989.38,21416.97428571429,23028.879471648095,,
2010-01-08,30292.7,23523.125714285714,23076.96368232676,,
2010-01-10,23157.33,25303.23142857143,22393.116019471563,,
2010-01-11,19684.49,26760.205714285716,21506.68678023562,,
2010-01-12,38833.58,30391.41857142857,21018.24510235922,,
2010-01-13,12391.1,29439.977142857144,21754.97553118114,30735.004333333334,16997.585786897376
2010-01-14,23721.64,31581.46,20047.52908447904,30062.563333333335,16857.475230088185
2010-01-15,13499.55,23082.91285714286,9293.214729973155,28753.813,16555.80021453907
2010-01-17,17363.25,21235.84857142857,8897.893264976481,27085.467333333334,14971.702079824234
2010-01-18,12078.84,19653.207142857143,9466.25995475809,26357.635000000002,15157.88680002427
2010-01-19,21892.791,19968.678714285714,9504.197022330945,26760.626366666667,14860.376522358936
2010-01-20,13244.34,16313.073,4791.774634589554,26389.101033333332,15059.677368542849
2010-01-21,27359.23,18451.377285714283,5949.732775791511,26200.992366666665,15009.382446537866
2010-01-22,29345.83,19254.833000000002,7056.800076196661,25687.075366666668,14610.543211312632
2010-01-24,15552.32,19548.085857142858,6816.327253122682,25180.047033333332,14692.016847830257
2010-01-25,18346.54,19688.55585714286,6773.797375522808,24504.99136666667,14518.45927162424
2010-01-26,38570.37,23473.060142857146,8885.041796812757,24483.8647,14496.777005127724
2010-01-27,23722.72,23734.478571428575,8857.675661100215,24555.377033333334,14487.233209223068
2010-01-28,18914.83,24544.54857142857,7951.341815206231,23477.699366666664,13609.260839241138
2010-01-29,25382.441,24262.150142857143,7869.396525399072,22762.559733333335,12883.821847608517
2010-01-31,18261.86,22678.725857142857,7790.736632610531,22140.3784,12624.273607710262
2010-02-01,16606.931,22829.384571428574,7638.669274175235,21701.980433333334,12578.865803404258
2010-02-02,19532.03,22998.740285714284,7535.15640065264,21300.957433333337,12444.71636781729
2010-02-03,17230.061,19950.124714285714,3327.0382805102804,21496.78646666667,12328.494379661835
2010-02-04,22486.01,19773.451857142856,3119.691443696429,21727.9988,12278.053976747184
2010-02-05,19420.74,19845.724714285716,3102.2964296008427,22018.8038,12109.93053717131
2010-02-07,17023.920000000002,18651.650285714288,2044.1835066426445,22270.0788,11917.586770292917
2010-02-08,13016.04,17902.24742857143,2965.0478237439734,22256.777133333333,11928.029085151029
2010-02-09,18398.26,18158.15157142857,2911.4379863766408,22235.012800000004,11934.673641353222
2010-02-10,6082.34,16236.767285714286,5306.513090054635,22146.71546666667,12047.292182765656
2010-02-11,15061.87,15927.025714285714,5302.148297171144,20215.798466666667,7339.889841749894
2010-02-12,9728.96,14104.59,4844.644802951638,19530.34046666667,7326.568939194266
2010-02-14,17772.19,13869.082857142856,4575.753002471118,19350.8358,7300.564792582352
2010-02-15,42318.211,17482.553,11787.173980046105,20105.293166666666,8419.931122944936
2010-02-16,25669.010000000002,19290.120142857144,11957.020738303909,19666.474166666667,7724.549573267276
2010-02-17,26455.22,20441.11442857143,12241.267609644308,20135.278166666667,7694.4987114578435
2010-02-18,35737.24,24677.528714285716,11556.083596605778,20535.798166666664,8184.722386831173
2010-02-19,18931.99,25230.403,11103.070456166284,20716.8795,8083.146440182165
2010-02-21,11394.731,25468.370285714285,10726.942146867072,20517.92886666667,8240.45658265309
2010-02-22,26336.24,26691.806000000004,10177.165364638848,20993.17553333333,8147.577083777027
2010-02-23,20840.01,23623.49157142857,7589.524340922834,20958.082833333334,8145.835755499195
2010-02-24,30392.661,24298.298857142858,8000.575326498612,21529.69353333333,8187.441681655976
2010-02-25,44604.16,26891.004571428573,11140.586914671756,22104.524533333333,9158.614607576526
2010-02-26,12778.641,23611.20471428571,11476.63841182168,21552.284900000002,9206.281522754856
2010-02-28,16741.49,23298.276142857147,11653.982404395621,21591.9239,9182.08524898519
2010-03-01,23933.87,25089.581714285716,10417.453290218928,21778.168233333334,9170.645790811392
2010-03-02,21667.8,24422.66171428571,10473.62525217064,21214.749233333332,8605.195892865182
2010-03-03,31849.7,25995.474571428575,10670.756595667379,21485.648566666667,8812.301670572137
2010-03-04,29966.350000000002,25934.573,10642.657234886374,21854.03256666667,8931.318678588921
2010-03-05,25361.64,23185.641571428572,6812.675974420539,21853.3392,8931.036114406317
2010-03-07,19034.6,24079.350000000002,5504.6920219875055,21879.0972,8921.429914430431
2010-03-08,26605.58,25488.50571428571,4480.465291781813,22212.385499999997,8904.429177459746
2010-03-09,19665.69,24878.765714285713,4988.874721991739,22216.840833333332,8903.075150985916
2010-03-10,22905.79,25055.62142857143,4876.758019686903,22406.0318,8853.619069820224
2010-03-11,21537.09,23582.391428571427,3952.3057836382704,22374.401133333333,8855.018442197632
2010-03-12,19123.05,22033.34857142857,3056.6427270859085,22364.47813333333,8858.608540346579
2010-03-14,8947.9,19688.528571428575,5442.46517706641,22095.277466666666,9144.59016733344
2010-03-15,20536.681,19903.111571428573,5441.996908914672,22345.9655,8988.869910548836
2010-03-16,21048.78,19109.283,4648.8405121839305,22434.316166666667,8961.715164678451
2010-03-17,29543.78,20520.438714285712,6114.190112489234,23216.36416666667,8497.194671559759
2010-03-18,37570.75,22615.433,8931.219879102324,23966.66016666667,8742.546571744735
2010-03-19,35274.3,24577.891571428572,10088.983395757812,24818.1715,8549.914220693468
2010-03-21,20485.48,24772.52442857143,9978.751408336624,24908.614500000003,8486.928944790245
2010-03-22,21494.16,26564.847285714284,7475.458341219025,24214.479466666664,7840.919787724533
2010-03-23,41826.29,29606.22,8823.435399648268,24753.055466666665,8473.648724264649
2010-03-24,25970.5,30309.32285714286,8202.096060167994,24736.898133333332,8470.75279330921
2010-03-25,30503.38,30446.40857142857,8195.184902718616,24562.436133333333,8288.31253556113
2010-03-26,29867.35,29345.922857142858,7572.625259504791,24926.948133333335,8272.600669878844
2010-03-28,22402.0,27507.022857142856,7455.081673522431,25293.8571,7886.8234291888175
2010-03-29,31740.38,29114.865714285716,6879.832781213612,25473.9951,7972.701559852024
2010-03-30,33524.51,30833.487142857146,6119.460548451691,25896.811766666666,8054.403141377898
2010-03-31,24591.07,28371.312857142857,4090.1655643168447,25703.425400000004,8012.27343340824
2010-04-01,28646.66,28753.62142857143,3951.065696506932,25171.508733333332,7203.055010063322
2010-04-06,17900.83,26953.257142857146,5563.238964151788,25342.248366666667,6955.625559456764
2010-04-07,32146.75,27278.885714285716,5822.885306343247,25855.757033333335,6866.858299486756
2010-04-08,39866.6,29773.82857142857,7006.298563800559,26386.848033333332,7314.621364822798
2010-04-09,14668.53,27334.992857142857,8918.114527115955,26153.539033333338,7577.242370086412
2010-04-11,19732.05,25364.641428571427,8846.0464302354,25749.617366666665,7586.0992347367
2010-04-12,25912.471,25553.413,8840.885006757479,25614.488066666665,7544.388267863981
2010-04-13,25736.04,25137.610142857146,8739.016131906363,25626.968066666668,7544.2652483077745
2010-04-14,27054.25,26445.24157142857,8139.979929923464,25894.289733333335,7444.035327499221
2010-04-15,19538.34,24644.040142857142,8062.706787112067,25658.715066666668,7532.05448278267
2010-04-16,19363.82,21715.07157142857,4585.227044823425,25648.652733333332,7540.533718763969
2010-04-18,23934.46,23038.775857142853,3394.9086375128977,25682.941733333333,7529.962455459245
2010-04-19,24561.04,23728.63157142857,3087.7168971847395,25783.74006666667,7492.698677362029
2010-04-20,21202.35,23055.757142857146,3045.4227340644647,25853.05006666667,7438.380656916041
2010-04-21,25873.86,23075.445714285714,3066.0145633261604,26417.248733333334,6719.047621683449
2010-04-22,35741.2,24316.43857142857,5630.4629323718855,26924.066033333333,6832.658654606048
2010-04-23,14969.64,23663.76714285714,6477.695508663299,26721.428033333334,7097.908763082267
2010-04-25,16574.53,23265.29714285714,6860.752194763828,26289.1197,7311.8140342806355
2010-04-26,29734.03,24093.807142857142,7291.676169609885,26027.8957,7029.399334443295
2010-04-27,43534.06,26804.23857142857,10370.561726016282,26303.22103333333,7546.766537406338
2010-04-28,31181.87,28229.88428571428,10155.840228802414,26659.767366666663,7515.038294136927
2010-04-29,29575.671,28758.714428571428,10108.982859510652,26929.151066666665,7468.185819275364
2010-04-30,24532.95,27157.535857142855,9697.978975458736,26352.706400000003,6926.43253214054
2010-05-02,12342.17,26782.182999999997,10281.608247541782,25898.42873333333,7384.15489894575
2010-05-04,18945.33,27120.868714285716,9922.079234542916,25513.1604,7436.938605283982
2010-05-05,23625.22,26248.181571428573,9922.582040499512,25305.0894,7398.136215417085
2010-05-06,51704.13,27415.33442857143,12452.669077416302,26281.82706666667,8802.627129101074
2010-05-07,31976.09,27528.79442857143,12496.248716315635,26289.684066666665,8807.770991064463
2010-05-09,22852.06,26568.278571428575,12570.875056481966,25933.935733333336,8720.577946163086
2010-05-10,26496.43,26848.77571428571,12539.75842010502,25997.44773333333,8717.3983977664
2010-05-11,25201.04,28685.757142857146,10894.38055191406,25882.593733333335,8703.9788886748
2010-05-12,29744.74,30228.53,10014.23697213786,26277.39073333333,8597.413178903056
2010-05-13,38966.0,32420.07,10006.909270169263,26504.699066666664,8844.540966360712
2010-05-14,16895.24,27447.37142857143,7034.209949924287,25738.987066666665,8639.849741782435
2010-05-16,18370.09,25503.657142857144,7442.246831216814,25862.3724,8501.626638182404
2010-05-17,23290.76,25566.328571428574,7418.0037721488015,25980.996066666667,8437.727671994715
2010-05-18,26164.58,25518.92142857143,7412.127043182713,25989.3997,8437.782615404472
2010-05-19,16575.5,24286.70142857143,8153.659088340677,25684.048366666666,8611.238089926961
2010-05-20,25331.44,23656.230000000003,7825.298431508298,25626.621366666666,8607.52911426615
2010-05-21,22494.36,21303.13857142857,3991.937349176108,25725.155366666666,8552.172115558544
2010-05-23,24824.93,22435.95142857143,3642.43446666473,25907.19236666667,8469.823681982938
2010-05-24,33536.19,24602.537142857145,5056.833407191702,26227.25003333333,8573.488220031682
2010-05-25,20415.92,24191.845714285715,5292.379999117738,26089.079366666665,8634.451591712095
2010-05-26,29586.64,24680.711428571427,5650.8836085943685,26368.5557,8606.470040640763
2010-05-27,29221.670000000002,26487.307142857142,4540.085338198321,26480.14936666667,8621.52561352033
2010-05-28,18569.88,25521.370000000003,5454.243470784886,25907.772033333335,8555.230788522618
2010-05-30,10702.97,23836.885714285716,7842.750462367235,25765.5497,8775.954016776981
2010-06-01,13093.79,22161.00857142857,8792.329360678386,25649.52503333333,8923.426157579484
2010-06-02,13714.76,19329.375714285714,7633.781101718956,25115.549366666663,9147.074211903118
2010-06-03,26644.63,20219.191428571427,8128.52637522,24552.568366666666,8468.986337475433
2010-06-04,11447.73,17627.918571428574,7512.480991759459,23894.763700000003,8699.57608367155
2010-06-06,25457.15,17090.13,6626.73248606226,23757.479666666666,8639.123185587874
2010-06-07,45523.11,20940.59142857143,12688.208566608102,24457.15166666667,9510.165369676113
2010-06-08,48215.48,26299.52142857143,15297.208670393018,25652.92866666667,10166.956315297639
2010-06-09,36508.94,29644.54285714286,14465.731143713068,26238.38233333333,10272.530231104862
2010-06-10,18009.12,30258.022857142856,13750.968719506887,26051.179,10372.48055267011
2010-06-11,30835.29,30856.68857142857,13658.347077282597,25355.551,9229.56102604368
2010-06-13,21147.77,32242.40857142857,11714.78095449992,24994.607000000004,9173.283119321868
2010-06-14,21317.37,31651.01142857143,12208.501387103744,24943.450666666668,9189.907559520798
2010-06-15,26937.46,28995.918571428574,10604.408347848266,24958.15166666667,9192.829800435016
2010-06-16,29229.94,26283.698571428573,6505.012447734482,25092.448333333337,9225.869897187747
2010-06-17,22635.35,24301.757142857143,4746.039821316645,24855.468666666668,9193.499050642453
2010-06-18,17788.69,24270.26714285714,4795.22651477731,24149.558333333334,8880.3838517616
2010-06-20,9078.58,21162.165714285715,6557.831903759148,23889.003000000004,9209.155647159781
2010-06-21,18116.21,20729.08571428571,6658.274133734756,23880.54033333333,9214.517170901461
2010-06-22,12414.03,19457.18,7342.405949328376,23517.98266666667,9449.506556402623
2010-06-23,25098.239999999998,19194.434285714284,7057.493330035432,23482.438000000002,9441.209894193467
2010-06-24,17217.85,17478.421428571426,5498.967815825101,23503.849666666665,9425.721229534636
2010-06-25,12371.59,16012.169999999998,5257.826617266171,23071.854666666666,9633.760551720952
2010-06-27,18706.92,16143.345714285711,5320.614770233592,22945.60666666667,9666.351032992588
2010-06-28,51132.78,22151.088571428572,13487.97258407827,23822.535,10950.715158154728
2010-06-29,32236.920000000002,24168.332857142854,13835.409014160849,23779.226000000002,10913.479838161742
2010-06-30,31491.43,26893.675714285713,12987.063536574698,24148.409666666666,10982.893578050804
2010-07-01,28830.02,27426.787142857145,12977.66864682007,24123.189000000002,10970.83694156038
2010-07-02,16726.13,27356.54142857143,13043.302403401543,23706.671,11007.733940692713
2010-07-04,10376.29,27071.49857142857,13441.092767873468,23433.55133333333,11238.80376813566
2010-07-05,30963.57,28822.44857142857,12959.546756332973,24108.904666666665,11054.66200657933
2010-07-06,19917.28,24363.091428571428,8660.72734356534,24336.354333333333,10889.16889265776
2010-07-07,24902.95,23315.38142857143,7965.128016482034,24709.294,10702.845610381672
2010-07-08,19973.45,21669.955714285716,7141.759130587359,24486.921333333335,10730.516305834059
2010-07-09,33408.64,22324.044285714284,8057.74685261713,25218.951666666664,10558.010403244603
2010-07-11,7609.23,21021.63,9685.718355363873,24624.021,11036.152519166537
2010-07-12,16101.17,21839.47,8841.987591348792,23643.289666666667,10404.102738584625
2010-07-13,17419.12,19904.54857142857,7949.500132740856,22616.744333333332,9363.26120366915
2010-07-14,19418.63,19833.312857142857,7951.600962935478,22047.067333333332,9001.815964291432
2010-07-15,55836.91,24252.45,15880.932603260411,23307.99366666667,10871.821249613211
2010-07-16,21137.76,24418.780000000002,15834.676689729607,22984.74266666667,10784.109332926386
2010-07-18,14581.99,21729.25857142857,15651.049439206317,22765.883333333335,10888.792419978838
2010-07-19,28611.56,24729.591428571428,14460.918462134892,23009.022999999997,10936.66476375088
2010-07-20,23124.39,25732.90857142857,13998.74681810413,22881.920666666665,10911.563765854553
2010-07-21,19142.73,25979.13857142857,13842.42538699344,22545.68033333333,10864.521445902048
2010-07-22,21620.39,26293.675714285717,13692.71293219115,22511.84833333333,10865.812797296088
2010-07-23,23886.329999999998,21729.307142857142,4322.436095477851,22715.103,10831.391711857608
2010-07-25,17230.6,21171.141428571427,4651.313756701463,22986.837,10576.75098193175
2010-07-26,20232.85,21978.407142857144,3712.816691357541,23057.391666666666,10550.166327947598
2010-07-27,28265.86,21929.02142857143,3610.778324795588,23585.786,10394.536453714389
2010-07-28,23252.72,21947.354285714282,3618.1772550960777,23524.268666666663,10390.73715305019
2010-07-29,32801.91,23898.66571428571,5193.736423606292,24043.737333333334,10453.94401793061
2010-07-30,14363.69,22861.994285714285,6325.237759870741,24110.140666666666,10383.334510738645
2010-08-01,30637.95,23826.51142857143,6987.559978231342,24507.841666666667,10397.725132256206
2010-08-02,26124.16,25097.02,6369.586117768262,23674.220999999998,9112.600959332258
2010-08-03,22362.79,25401.297142857144,6145.425612007951,23345.083333333332,8969.864259287526
2010-08-04,17555.5,23871.24571428572,6627.731468888483,22880.552333333333,8893.969517818277
2010-08-05,23145.06,23855.865714285716,6629.530681777406,22691.053666666667,8823.117414089555
2010-08-06,14728.15,21273.9,6059.726609817694,22624.45433333333,8877.07058410627
2010-08-08,13950.71,21214.902857142857,6139.699563854065,22743.60166666667,8729.773688881258
2010-08-09,31336.59,21314.70857142857,6321.398438419061,22756.035666666667,8742.142170363408
2010-08-10,28209.74,21612.648571428574,6627.590398672831,23032.451,8780.30444096306
2010-08-11,18629.86,21079.37285714286,6706.879074780097,22823.347999999998,8808.872790368388
2010-08-12,26031.28,22290.198571428573,6729.714872710456,23025.27566666667,8810.723522873821
2010-08-13,15150.14,21148.067142857144,7220.950682427934,22416.659,8698.647735534121
2010-08-15,20484.46,21970.397142857142,6675.130766071665,22845.833333333332,8248.877502558527
2010-08-16,14270.74,22016.115714285716,6611.844566114758,22784.819,8307.050352569182
2010-08-17,28802.52,21654.105714285713,6063.07973085966,23164.265666666666,8313.487354117218
2010-08-18,35122.520000000004,22641.645714285718,7661.166258681591,23687.728666666666,8560.24843018317
2010-08-19,30663.35,24360.71571428571,7955.372545590056,22848.609999999997,6211.845111218215
2010-08-20,23250.77,23963.5,7927.425456655695,22919.043666666665,6203.751559056271
2010-08-22,22677.010000000002,25038.76714285714,6987.4982678106335,23188.877666666664,6001.371319199901
2010-08-23,20655.35,25063.18,6969.209097159648,22923.670666666665,5928.83226794279
2010-08-24,26577.16,26821.239999999998,5092.465057664398,23038.763,5966.258050076086
2010-08-25,30466.76,27058.988571428574,5237.172855824074,23416.230666666666,6068.608968591453
2010-08-26,31964.34,26607.820000000003,4512.666231656496,23761.029,6254.077242090164
2010-08-27,12166.64,23965.432857142856,6650.937610998159,23370.37266666667,6602.3161222626495
2010-08-29,14449.3,22708.079999999998,7576.16123922263,23277.662666666667,6710.15093610237
2010-08-31,22811.75,22727.328571428574,7576.240308883226,23363.626,6686.275550993329
2010-09-01,20351.36,22683.90142857143,7590.953314554568,23099.809333333335,6642.174583741616
2010-09-02,33430.57,23662.96,8557.248064444126,23439.071,6904.981442088655
2010-09-03,34739.159999999996,24273.302857142855,9247.899309174123,23503.646,7003.911350837505
2010-09-05,12286.710000000001,21462.212857142855,9507.47615361317,23434.413333333334,7106.88232432786
2010-09-06,23717.79,23112.377142857145,8582.649893682204,23203.74133333333,6976.113406285049
2010-09-07,24397.45,24533.541428571425,7685.872606729854,23146.184333333335,6958.287790799122
2010-09-08,16175.22,23585.46571428571,8317.05942446976,22939.931999999997,7073.066292860748
2010-09-09,23526.38,24039.04,8196.999539900728,23138.961333333333,6999.958546037722
2010-09-10,15988.35,21547.294285714284,7486.610331622796,22900.404333333332,7120.652555625978
2010-09-12,15528.75,18802.95,4929.056382496811,22927.091000000004,7090.4045726126715
2010-09-13,32892.16,21746.585714285717,6339.861947610629,23558.472666666665,7106.842679209533
2010-09-14,19705.02,21173.332857142854,6313.281099538479,23170.753666666667,6984.093702856958
2010-09-15,33812.4,22518.325714285715,7914.471511532609,23357.509000000002,7195.200285819547
2010-09-16,27099.271,24078.90442857143,7522.581383019397,23639.8227,7169.41635310253
2010-09-17,19486.54,23501.784428571427,7724.295429840619,23421.6647,7193.671299660848
2010-09-19,22783.53,24472.524428571425,7017.315236889155,23676.111033333334,7024.01079842562
2010-09-20,38563.96,27763.268714285714,7508.115038189086,24278.761033333332,7500.185981731504
2010-09-21,54698.89,30878.51585714286,12711.671562382337,25626.366033333336,9101.105441232514
2010-09-22,27208.8,31950.484428571428,11903.049692795412,25573.242033333336,9086.566374330196
2010-09-23,34305.1,32020.870142857144,11917.342809169604,25545.9947,9058.125190675019
2010-09-24,47106.39,34879.03,12899.002446197139,26094.096033333335,9842.010929938904
2010-09-26,21703.9,35195.79571428571,12478.371308885964,26042.533700000004,9861.45361261466
2010-09-27,115172.24,48394.18285714286,31509.37384691881,29125.708033333336,18998.909795869506
2010-09-28,40015.41,48601.53285714286,31438.600044007333,29771.043366666665,19030.05204339244
2010-09-29,36740.03,46035.98142857143,31590.495784165556,30109.8057,19061.66637850161
2010-09-30,37578.57,47517.37714285714,30793.55954856997,30346.866033333336,19110.41936815975
2010-10-01,34550.89,47552.49,30776.118309399702,30433.08436666667,19123.79841781412
2010-10-03,38335.52,46299.50857142858,30975.206597948334,31305.380366666664,18856.837049307982
2010-10-04,34956.56,48192.74571428572,29595.632098489856,31988.9557,18594.598967328602
2010-10-05,55108.91,39612.270000000004,7090.103021440092,33065.5277,18975.98770874974
2010-10-06,30355.010000000002,38232.212857142855,7893.2439671842785,33398.9827,18832.214013578596
2010-10-07,47610.92,39785.19714285714,8589.441373022522,33871.66103333333,19010.15307199621
2010-10-08,51836.73,41822.07714285714,9609.015718948072,34441.58003333333,19291.268878490417
2010-10-10,23139.31,40191.851428571434,11772.646778394748,34803.333366666666,18960.408542458743
2010-10-11,39962.9,40424.33428571428,11745.916932030574,35344.83703333334,18864.627307696614
2010-10-12,46566.35,42082.875714285714,11664.560794331801,36083.80036666666,18855.206732152106
2010-10-13,51564.7,41576.560000000005,11066.502040714307,37263.449700000005,18672.869228214437
2010-10-14,86945.13,49660.86285714286,19190.696943845593,39377.40803333333,20558.665418279932
2010-10-15,42398.82,48916.27714285714,19383.632445455743,40257.757033333335,20082.530968888193
2010-10-17,31176.14,45964.764285714286,20410.596368139173,40779.3367,19615.9014243453
2010-10-18,36591.44,47886.49714285714,18441.624608544967,40902.64603333334,19576.198460447125
2010-10-19,46577.64,48831.46,18134.865779042888,41798.40003333333,19183.680015287
2010-10-20,43387.26,48377.30428571429,18240.545173603303,42117.562033333335,19125.796027547036
2010-10-21,32847.8,45703.46142857143,19049.343347953363,42309.17966666667,18998.515404797297
2010-10-22,32843.94,37974.72000000001,6104.954931004858,42754.42633333334,18597.492028516106
2010-10-24,28634.59,36008.40142857143,6636.054987642491,42949.46166666667,18410.572765497625
2010-10-25,27945.06,35546.81857142857,7122.7179753201035,42595.49833333333,18598.91287175493
2010-10-26,42545.95,36397.46285714286,7607.3440947475865,42190.40033333333,18458.01804453152
2010-10-27,30480.55,34097.87857142857,6345.435904972545,42299.458666666666,18375.930573212765
2010-10-28,30701.3,32285.59857142857,4896.273549382364,42179.332,18441.654976596594
2010-10-29,36100.95,32750.334285714285,5108.325705985181,41812.484000000004,18449.724802684083
2010-10-31,29947.64,32336.57714285714,5215.648210388065,42087.27533333333,18199.594612671186
2010-11-01,20730.24,31207.384285714284,6773.658969795839,38939.208666666666,12349.693928455708
2010-11-02,42866.91,33339.077142857146,7839.93743715626,39034.25866666667,12369.220499299638
2010-11-03,42870.87,33385.49428571428,7904.230929455589,39238.62,12380.649601028254
2010-11-04,83876.12,41013.43285714286,20446.791334614285,40781.871666666666,14813.130150492192
2010-11-05,40907.93,42471.52285714286,19946.664370015802,40993.77300000001,14766.317232516638
2010-11-07,31345.79,41792.21428571428,20278.001335906585,40760.782,14864.524229488034
2010-11-08,32303.991,42128.835857142854,20067.06784596546,40672.363033333335,14908.06553292369
2010-11-09,53013.21,46740.688714285716,17924.883356200186,40602.50636666667,14842.85307758685
2010-11-10,73575.93000000001,51127.691571428564,20405.11420720914,42043.2037,15875.556527993785
2010-11-11,59712.61,53533.654428571426,20261.693068154702,42446.59336666667,16172.872470680806
2010-11-12,36167.25,46718.101571428575,15911.116116898009,41924.27736666667,16112.068063970364
2010-11-14,27934.71,44864.78442857142,17387.715542515398,42084.12403333334,15942.169031108744
2010-11-15,42964.04,46524.53442857143,16409.15465682744,42184.162033333334,15937.814804725747
2010-11-16,63788.840000000004,51022.37,16174.985095184304,42758.24503333333,16404.45238309092
2010-11-17,45726.741,49981.44585714286,16259.74804067992,42563.6464,16330.84445951487
2010-11-18,37074.97,44767.023,12947.473595456006,40901.307733333335,14034.079615376619
2010-11-19,39999.42,41950.853,11177.851674471578,40821.32773333333,14032.087960437108
2010-11-21,32056.05,41363.538714285714,11631.198738699104,40850.65806666667,14012.137500471534
2010-11-22,31724.88,41904.99157142857,10971.377970215563,40688.439399999996,14091.094476152342
2010-11-23,49805.35,42882.32157142857,11378.595912322458,40796.02973333334,14149.811095761383
2010-11-24,41138.6,39646.573,6702.017606754475,40721.074400000005,14141.56480435707
2010-11-25,67870.96,42810.032857142854,12643.163309016376,41888.51306666667,14894.771410154159
2010-11-26,28828.04,41631.90000000001,13613.636973203282,41754.64973333334,14996.558591968687
2010-11-28,27125.16,39792.719999999994,14697.443671147967,41704.335399999996,15044.550365102941
2010-11-29,63245.18,44248.310000000005,16569.47466691589,42881.00606666667,15309.417977821793
2010-11-30,49806.23,46831.36,15677.12818657276,43123.0154,15361.235912703623
2010-12-01,46192.49,46315.23714285715,15622.275484067335,43646.74673333334,15182.13605643922
2010-12-02,47197.57,47180.80428571429,15454.607951519272,44196.6224,14994.680963977364
2010-12-03,23876.63,40895.90000000001,14557.76587772774,43789.14506666667,15383.325394215346
2010-12-05,31361.28,41257.79142857143,14235.69609483317,43836.2664,15341.57329110953
2010-12-06,31009.33,41812.67285714286,13656.956082190909,44178.90273333333,14916.63282709493
2010-12-07,53730.96,40453.49857142857,11466.156137402008,44541.03773333333,15015.231729008892
2010-12-08,39094.2,38923.208571428564,10699.049914566327,44415.148733333335,15045.518833635795
2010-12-09,38193.91,37780.55428571429,10209.210111856322,42892.4084,13099.9274630935
2010-12-10,33488.38,35822.09857142857,9383.154767012804,42645.090066666664,13208.27521630348
2010-12-12,17102.35,34854.34428571428,11026.033503895653,42170.30873333334,13867.964025520956
2010-12-13,27578.34,34313.92428571429,11314.701740073815,42012.787033333334,14010.00786814803
2010-12-14,29235.13,34060.467142857146,11420.442031298877,41220.18436666667,14038.79101006139
2010-12-15,30251.47,30706.25428571428,7431.733085175772,39776.0357,12766.326120625434
2010-12-16,48791.87,32091.635714285716,9786.732774836702,39412.011033333336,12326.36122509483
2010-12-17,19966.36,29487.7,10303.73736156616,38871.98136666666,12818.483636200224
2010-12-19,7292.95,25745.495714285713,13010.091329328285,38183.9227,13931.483489663226
2010-12-20,19599.06,26102.16857142857,12765.5725413257,37405.09003333333,14303.183784661242
2010-12-21,15929.16,24438.0,13289.619231540626,35809.767366666674,13922.956237223678
2010-12-22,4886.52,20959.62714285714,14912.177606106303,34448.426666666666,14883.357991205758
2010-12-23,5644.77,17444.384285714284,15253.12112841051,33400.753333333334,15771.798634473758
2011-01-04,12105.11,12203.418571428572,6448.709986117289,32470.943000000003,16186.163672279532
2011-01-05,28799.43,13465.285714285714,8694.187117652986,32362.389000000003,16199.956673770359
2011-01-06,34343.79,17329.69142857143,11156.553606043197,32449.686,16203.458762252514
2011-01-07,23797.79,17929.510000000002,11408.914054175702,31582.767333333333,15936.403774027156
2011-01-09,15590.68,17881.155714285716,11419.517488793608,30731.170000000002,16090.023007415237
2011-01-10,15330.83,19373.2,10037.36775678271,28979.832333333332,14708.157873809627
2011-01-11,60243.73,27173.05142857143,16636.101130627998,30027.022,15776.540204220815
2011-01-12,17124.74,27890.14142857143,15973.338944237117,29693.674666666666,15944.723338662041
2011-01-13,15159.460000000001,25941.574285714283,16661.084342077793,28090.817333333332,14833.85829429462
2011-01-14,39509.7,26679.56142857143,17200.943869698414,27747.599666666665,14427.649446559315
2011-01-16,6976.39,24276.50428571429,18773.75114535087,26440.396333333334,14475.33067098796
2011-01-17,16527.05,24410.271428571432,18704.75712695344,25418.04566666667,14035.151551736752
2011-01-18,87559.21,34728.611428571436,29606.538800924514,27540.798333333336,18038.794276222085
2011-01-19,21586.78,29206.190000000002,27590.727087083706,27214.98166666667,18055.67484428708
2011-01-20,15197.08,28930.81,27740.620688328778,26687.906666666666,18171.513390300526
2011-01-21,24276.01,30233.17428571429,27194.963474054588,25706.075,17441.017624151915
2011-01-23,10306.1,26061.231428571427,27768.671916294134,24746.471666666668,17470.93740401768
2011-01-24,17601.87,27579.15714285714,26825.96930238667,24060.070333333333,17328.323725576058
2011-01-25,23994.38,28645.91857142857,26459.18702871744,23743.603666666666,17236.64905481671
2011-01-26,17424.45,18626.667142857143,5049.4079678241,23754.340333333337,17232.469396007884
2011-01-27,22050.49,18692.911428571428,5097.527205183181,23570.07866666667,17219.719654792483
2011-01-28,17247.2,18985.785714285714,4918.968699036102,23170.481000000003,17222.81890887351
2011-01-30,6542.61,16452.442857142858,6152.220263356872,22380.185666666664,17429.412251179627
2011-01-31,18806.43,17666.77571428571,5545.87504290023,21380.671,16707.39223589829
2011-02-01,26358.7,18917.75142857143,6443.745460024212,21593.749,16729.48062192141
2011-02-02,17091.15,17931.575714285715,6053.754354007407,21920.355666666666,16535.17725917014
2011-02-03,22171.9,18609.782857142858,6250.214259388141,22006.117000000002,16529.393602958084
2011-02-04,18087.96,18043.707142857143,6063.302334272323,22078.077,16506.70912106142
2011-02-06,3439.67,16071.202857142856,8225.872560828562,22029.84866666667,16560.695823360213
2011-02-07,23382.97,18476.96857142857,7395.311268318325,22621.122,16269.619189162406
2011-02-08,14153.34,17812.24142857143,7567.870203492923,22689.396333333334,16228.212694338621
2011-02-09,11910.83,15748.26,6777.419910693778,22126.443000000003,16301.712642686516
2011-02-10,14155.36,15328.86142857143,6771.302614725083,21453.495333333332,16196.336385514358
2011-02-11,18579.96,14815.727142857142,6284.936383474826,21279.567666666666,16198.309852127233
2011-02-13,5645.48,13038.23,6931.474160253973,20948.060999999998,16419.013761473132
2011-02-14,22999.39,15832.475714285714,6333.899468928837,21203.679666666667,16388.211504910036
2011-02-15,37750.62,17884.99714285714,10284.412723166333,20453.909333333333,14995.90961625018
2011-02-16,23413.97,19207.944285714282,10319.946884441651,20663.550333333333,14991.72410960576
2011-02-17,17659.64,20029.202857142856,9861.000050371438,20746.889666666666,14967.000557705453
2011-02-18,14438.73,20069.684285714287,9833.410883260714,19911.19066666667,14578.113149931298
2011-02-20,9437.8,18763.661428571428,10638.402391711958,19993.237666666668,14509.56996893328
2011-02-21,32724.38,22632.075714285715,9975.93945554487,20533.148666666664,14676.53934985938
2011-02-22,29116.63,23505.967142857142,10276.874760204359,18585.06266666667,7687.776893559323
2011-02-23,19315.97,20872.445714285714,8162.748967667912,18509.369,7668.357568234494
2011-02-24,21463.94,20593.87,8094.546652428104,18718.264333333336,7660.369666961349
2011-02-25,18377.14,20696.37,8055.647661734075,18521.635333333335,7588.159059842796
2011-02-27,9382.71,19974.08142857143,8893.346710351283,18490.855666666666,7624.41878713149
2011-02-28,15026.68,20772.492857142857,7995.321789975612,18405.016000000003,7649.2286234674275
2011-03-01,23621.59,19472.094285714287,6284.683978973296,18392.58966666667,7640.13287356991
2011-03-02,18666.14,17979.16714285714,4637.064252353951,18433.979333333333,7638.070305325578
2011-03-03,32818.19,19908.05571428571,7318.691469014818,18792.902666666665,8055.465075741832
2011-03-04,17302.55,19313.571428571428,7340.225610368935,18794.74766666667,8055.105175419316
2011-03-06,9951.67,18109.932857142856,8163.950697325339,18908.382999999998,7898.831466985213
2011-03-07,20247.85,19662.09571428571,7204.655324811193,18956.430333333334,7902.572996126018
2011-03-08,22184.11,20684.585714285717,6940.1900395255925,18817.277333333335,7803.872937476786
2011-03-09,20320.23,20212.96285714286,6818.445458032119,18924.913333333334,7801.5125363648385
2011-03-10,24429.77,21036.338571428572,6947.305944818895,19000.175666666666,7844.688362723298
2011-03-11,20894.75,19332.989999999998,4663.485983210598,19093.735333333334,7850.169341209613
2011-03-13,4117.22,17449.37142857143,7450.385300265755,19116.320333333333,7804.42082829121
2011-03-14,25866.33,19722.894285714287,7205.28473115372,19199.099,7864.177426742444
2011-03-15,14896.28,18958.384285714284,7420.984509286057,19223.863666666668,7848.895112620242
2011-03-16,21715.11,18891.384285714284,7389.055801232677,19550.673,7737.2168141625625
2011-03-17,31976.51,20556.567142857144,8919.622105707474,20144.711333333333,7988.735114996902
2011-03-18,23334.6,20400.114285714284,8849.692789008566,20303.199333333334,8003.771014181684
2011-03-20,19880.99,20255.29142857143,8848.543992031453,20777.716333333334,7511.65690924469
2011-03-21,16020.1,21955.70285714286,5874.238794538296,20545.073333333337,7548.464316243568
2011-03-22,19016.94,20977.21857142857,5681.569479317833,19920.617333333335,6815.312599357806
2011-03-23,21566.02,21930.03857142857,5011.573306456023,19859.019000000004,6790.957718816061
2011-03-24,36496.79,24041.70714285714,7434.438398852018,20486.924000000003,7422.115858320682
2011-03-25,27271.1,23369.505714285715,6781.471624433505,20914.669666666665,7431.298474027688
2011-03-27,9189.77,21348.815714285713,8644.955314549841,20906.402000000002,7444.633330890771
2011-03-28,19961.67,21360.34142857143,8642.72570194048,20480.978333333333,7102.823025873347
2011-03-29,37190.52,24384.687142857143,10051.782192271114,20750.108,7578.358781577529
2011-03-30,29523.85,25885.674285714285,9899.978957103733,21090.370666666666,7739.202866500842
2011-03-31,25621.11,26464.972857142857,9722.130882474203,21228.942999999996,7783.21479845911
2011-04-01,24487.9,24749.41714285714,8658.218787263655,21432.635,7785.968486301569
2011-04-03,6872.53,21835.335714285717,10828.739776545108,21348.962333333333,7932.047142972353
2011-04-04,28998.010000000002,24665.084285714285,9477.261055944913,21814.673333333332,7958.153179256217
2011-04-05,28667.42,25908.762857142858,9327.202985879097,21982.86766666667,8050.445195945932
2011-04-06,12698.32,22409.877142857145,8977.032182174245,21783.940333333332,8207.43008241943
2011-04-07,16780.32,20589.372857142855,8577.162444841077,21249.344666666664,7983.178701247608
2011-04-08,22673.91,20168.344285714287,8358.552054139735,21428.39,7951.780551879025
2011-04-10,9879.75,18081.465714285714,8906.023525818373,21425.99266666667,7955.369940653597
2011-04-11,20179.7,19982.489999999998,7409.100532241976,21423.721,7955.727683705086
2011-04-12,23988.6,19266.859999999997,6589.803443763328,21483.870666666666,7968.486118762026
2011-04-13,24450.27,18664.41,5722.902024055195,21621.538666666667,7983.351752195379
2011-04-14,35682.73,21947.897142857142,7906.427938443005,21996.637333333332,8374.619330470035
2011-04-15,17999.181,22122.02014285714,7786.161767203087,21900.118366666666,8404.389746029778
2011-04-17,12630.34,20687.22442857143,8554.948165809206,22183.889033333333,7912.584446358885
2011-04-18,43671.37,25514.598714285712,10704.10727541737,22777.390366666667,8814.652647999941
2011-04-19,18811.19,25319.097285714288,10829.546572694218,22907.88736666667,8722.450024700578
2011-04-20,25715.8,25565.84014285714,10813.844903442761,23041.2437,8734.160119362821
2011-04-21,27771.04,26040.23585714286,10829.577555507183,22901.06136666667,8618.79160527496
2011-04-26,21536.86,24019.397285714287,10019.935805497282,22841.1367,8621.922447382274
2011-04-27,23566.91,24814.78714285714,9677.533317954805,22964.0007,8604.530213175694
2011-04-28,21312.18,26055.05,8316.325787842537,23140.403366666662,8511.001973436625
2011-05-01,6958.11,20810.29857142857,6791.834703596858,22738.44236666667,8984.073978466897
2011-05-03,28877.21,22248.301428571427,7341.409619887897,22982.1487,9050.094460946177
2011-05-04,27509.81,22504.588571428572,7511.967292805696,22682.582699999995,8730.414684898764
2011-05-05,25191.79,22136.124285714286,7269.950653298607,22613.272366666664,8700.934529933244
2011-05-06,30783.33,23457.048571428575,7951.040363890491,23333.057699999998,8441.47864007204
2011-05-08,18731.98,22766.344285714287,8147.4838018493065,23292.068033333337,8461.375822926822
2011-05-09,21608.16,22808.62714285714,8139.44342894681,22772.656033333333,8046.902291351475
2011-05-10,29807.25,26072.79,4484.449986583427,22782.1027,8055.263161062491
2011-05-11,31848.3,26497.23142857143,4914.136760963113,22989.675700000003,8209.695797943466
2011-05-12,59827.74,31114.07857142857,13574.381410804037,24167.67036666667,10615.119681988608
2011-05-13,25815.72,31203.21142857143,13530.992037297763,24799.110033333334,10101.851854362865
2011-05-15,9667.15,28186.614285714284,15803.233351994666,24154.748033333333,10435.787724751823
2011-05-16,35706.7,30611.574285714287,15408.069687277393,24389.390699999996,10618.292557360402
2011-05-17,46361.090000000004,34147.70714285714,15831.970798981145,25511.483033333334,11107.6203542008
2011-05-18,32775.69,34571.770000000004,15735.79705619434,26044.662033333334,11057.849088749697
2011-05-19,31521.87,34525.137142857144,15745.693764581847,26339.594033333335,11082.812195900598
2011-05-20,25351.44,29599.95142857143,11267.165130362158,26855.317033333336,10641.66167885408
2011-05-22,24102.0,29355.134285714284,11381.136255671629,26986.060366666665,10580.73723502474
2011-05-23,31232.53,32435.902857142857,7378.4767998951975,27227.524699999998,10592.623649521156
2011-05-24,32460.83,31972.207142857143,7239.347699944497,27494.543366666665,10621.12723622662
2011-05-25,21870.71,28473.58142857143,4541.779243022375,27034.1427,10553.090750814803
2011-05-26,32764.38,28471.965714285714,4539.99537629315,27526.316,10461.097155701762
2011-05-27,21109.22,26984.44428571429,5051.211346442543,27808.945333333333,10154.826773525057
2011-05-29,7338.9400000000005,24411.230000000003,9037.12278807077,26597.864333333335,10362.228796988395
2011-05-31,18133.2,23558.544285714284,9347.424393173587,26575.264666666666,10380.520062627154
2011-06-01,15380.39,21293.95285714286,9095.23306578737,26230.751,10579.626738153735
2011-06-02,28078.91,20667.964285714286,8315.979132487246,26241.013333333332,10581.321535452447
2011-06-03,15024.11,19689.878571428573,8550.272762564306,26023.92166666667,10746.67967282022
2011-06-05,25423.760000000002,18641.218571428573,6986.653704832456,26085.816666666666,10737.383861812224
2011-06-06,16269.03,17949.762857142858,6941.05480073396,25917.71166666667,10853.546803701469
2011-06-07,33807.85,21731.035714285714,7392.255470697919,26812.702999999998,10330.641351626664
2011-06-08,30122.23,23443.754285714287,7797.505274590284,26854.203666666665,10341.715795068136
2011-06-09,42862.8,27369.812857142857,9738.159242116817,27365.970000000005,10747.204408740352
2011-06-10,58245.12,31679.271428571432,15230.299913356344,28467.74766666667,12122.858290395518
2011-06-12,12397.09,31303.98285714286,15733.162643253214,27854.873000000003,12461.779853404489
2011-06-13,19696.66,30485.82571428572,16230.946243938766,27887.029,12438.65082874076
2011-06-14,33324.49,32922.32,14972.457488985166,28277.573333333337,12418.627608471821
2011-06-15,44954.18,34514.65285714286,15659.287572874822,28782.471,12785.456026356613
2011-06-16,32252.1,34818.92,15580.208819502432,28795.931,12789.006959167571
2011-06-17,19053.53,31417.595714285715,16120.989988611014,27436.790666666664,11476.701444153747
2011-06-19,22421.48,26299.932857142856,11084.513491699056,27323.64933333334,11509.916335186173
2011-06-20,26110.99,28259.06142857143,9283.300442758251,27871.777333333335,11021.252654359838
2011-06-21,19827.91,28277.81142857143,9263.235017288265,27342.484333333334,11013.292201188353
2011-06-22,21143.75,26537.705714285716,9301.211663883538,26501.906333333332,10460.113655284307
2011-06-23,22469.62,23325.625714285714,4550.381326068162,26158.370666666666,10416.107919802473
2011-06-24,16016.04,21006.18857142857,3170.8411291825323,25641.50966666667,10524.928059654036
2011-06-26,7032.36,19288.87857142857,6206.667581366206,25030.873666666666,11060.14782955375
2011-06-27,13381.75,17997.488571428574,6384.140429192398,24673.532,11262.522094963177
2011-06-28,30470.88,18620.329999999998,7433.982359193576,24648.143666666663,11248.075952390313
2011-06-29,12569.78,17583.454285714284,7737.459632837934,23985.108666666667,11357.38785089786
2011-06-30,41709.24,20521.381428571425,12028.906911409236,24646.393,11798.99578688684
2011-07-01,12146.44,19046.641428571427,12377.988614389209,23959.128333333334,11909.790056053447
2011-07-03,5972.7300000000005,17611.882857142857,13333.044805688301,23454.57866666667,12347.2757189477
2011-07-04,30941.37,21027.455714285716,13233.20609144901,24241.326333333334,12032.9581750261
2011-07-05,25988.510000000002,22828.42142857143,12872.175172186282,24503.170000000002,11980.813643292488
2011-07-06,22934.22,21751.755714285715,12434.139287194881,24754.964333333333,11861.254583711558
2011-07-07,27860.38,23936.127142857145,11883.133577755987,24747.68,11859.209790083849
2011-07-08,17538.5,20483.164285714283,9026.245128673194,24831.493000000002,11796.841442653094
2011-07-10,5959.54,19599.321428571428,10204.6153768862,24182.685666666668,12288.163457839863
2011-07-11,20008.83,21604.47857142857,8277.924126626329,24307.345666666668,12223.914937360229
2011-07-12,17938.49,19746.924285714285,7225.562749287876,23778.367000000002,12141.702122480294
2011-07-13,19411.52,18807.354285714286,6686.1561400551045,23421.343333333334,12106.150845465903
2011-07-14,31979.04,20099.471428571433,8296.619999848268,23058.551333333333,11658.241356640714
2011-07-15,11814.7,17807.231428571427,8006.545309700201,21510.870666666666,9752.08778575979
2011-07-17,16926.15,17719.75285714286,8013.313163911987,21661.839333333333,9640.554048779262
2011-07-18,22001.63,20011.480000000003,6171.802809520192,21738.67166666667,9633.534497135017
2011-07-19,46583.01,23807.79142857143,11787.770751907063,22180.622333333336,10452.676557626597
2011-07-20,27021.06,25105.301428571427,11531.123868680317,21582.85166666667,9581.897415299587
2011-07-21,30271.94,26656.79,11366.809107437964,21516.846333333335,9512.435924271398
2011-07-22,14628.880000000001,24178.195714285714,11892.339005868298,21369.358000000004,9585.963603074651
2011-07-24,26777.92,26315.79857142857,10571.057030428994,21514.572666666663,9635.321534293163
2011-07-25,19676.55,26708.71285714286,10208.79465861299,21300.091333333334,9601.031587458237
2011-07-26,17284.301,26034.80871428572,10714.48250860393,21215.304366666667,9625.680464955472
2011-07-27,22846.13,22643.825857142856,5719.0989276535565,21272.05036666667,9630.260992905438
2011-07-28,54171.95,26522.52442857143,13327.921007142182,22328.794700000002,11351.718451449759
2011-07-29,17166.75,24650.354428571427,13630.469084031745,22367.1517,11331.578606932348
2011-07-31,33112.36,27290.85157142857,13147.294633895797,23236.485033333334,11112.849024226312
2011-08-01,19778.12,26290.880142857146,13455.399003153892,23449.69736666667,10977.795285808083
2011-08-02,20272.0,26375.94442857143,13408.414506140609,23109.734700000005,10910.578870381876
2011-08-03,26572.83,27702.87714285714,12804.745266951824,23576.503033333334,10742.354797051981
2011-08-04,62074.19,33306.885714285716,17896.61876045575,24255.3347,12437.427927245935
2011-08-05,19703.95,28382.885714285716,15820.35765894996,24507.251700000004,12258.965328031833
2011-08-07,7541.91,27007.90857142857,17306.130571279715,24559.557699999998,12180.251035468085
2011-08-08,19743.98,25098.140000000003,17257.765166117773,24186.31136666667,12149.47113779532
2011-08-09,25949.920000000002,25979.825714285715,17097.58306335421,24185.02503333333,12149.275790497511
2011-08-10,19853.41,25920.027142857143,17121.588437239847,24082.331366666665,12173.209930946421
2011-08-11,54325.27,29884.661428571428,20229.088539164317,24964.494366666666,13357.729906778046
2011-08-12,17970.170000000002,23584.087142857144,14624.208473134257,24978.88336666667,13349.68483332394
2011-08-14,5701.87,21583.79,16124.07488753493,24970.294366666665,13362.420385795724
2011-08-15,17235.95,22968.652857142853,15100.878278390248,24877.86503333333,13407.437124410772
2011-08-16,16072.710000000001,22444.185714285715,15294.05767522351,24815.672366666666,13445.011289386252
2011-08-17,48554.44,25673.402857142857,18257.005520853952,25787.103033333333,14078.958900972631
2011-08-18,54034.98,30556.484285714287,20830.68591860567,26522.301033333333,14961.654913848659
2011-08-19,17326.07,25270.884285714284,18339.53185224739,26706.013366666666,14807.881225761843
2011-08-21,14410.25,24762.324285714283,18622.894003747017,26622.15003333333,14872.163447922445
2011-08-22,29617.26,28178.808571428573,16630.47411400275,26876.004366666664,14855.562456055632
2011-08-23,22384.02,28914.247142857144,16173.452255501663,26069.371366666666,14398.558942866468
2011-08-24,38371.37,32099.77,15400.122037373643,26447.715033333334,14572.500827339276
2011-08-25,22441.26,28369.315714285713,13832.926774924743,26186.692366666666,14571.770809110789
2011-08-26,24095.49,24092.24571428571,7953.879006260394,26502.246033333333,14414.505993452687
2011-08-28,10686.56,23143.74428571429,9194.371814965383,25965.86736666667,14700.446127842803
2011-08-30,8805.17,22343.018571428573,10263.62100538185,25603.48803333333,14991.934420174413
2011-08-31,20527.89,21044.537142857145,9752.17259622995,25711.607666666667,14941.480052885556
2011-09-01,37358.62,23183.765714285717,11568.277133749427,26195.357333333333,15079.797493366323
2011-09-02,30203.86,22016.97857142857,10099.825652316094,25396.421000000006,14152.906195082904
2011-09-04,16930.43,21229.717142857142,10274.510263945676,25388.54366666667,14157.70962933708
2011-09-05,35439.91,22850.34857142857,11609.80311605307,25466.128666666667,14207.7850926867
2011-09-06,25466.97,24961.835714285717,10298.911592736222,25655.756999999998,14167.156470015092
2011-09-07,21967.420000000002,26842.157142857144,7741.499614776955,25712.271,14148.308691848773
2011-09-08,23048.38,27202.227142857148,7452.070409597037,25594.789333333334,14155.54749493905
2011-09-09,25082.86,25448.547142857144,5958.352215704587,24361.745000000003,12366.402858868289
2011-09-11,35206.92,26163.27,6856.247830390513,24878.510666666665,12488.368428618003
2011-09-12,27777.36,27712.83142857143,5516.653176013111,25553.02566666667,12058.789217660991
2011-09-13,48116.5,29523.772857142856,9275.83023693073,26498.776333333335,12683.888174144515
2011-09-14,22013.75,29030.455714285716,9613.232380207146,26367.57066666667,12710.092822769355
2011-09-15,71926.69,36167.49428571428,18203.134465334897,28103.346666666668,15117.538162690213
2011-09-16,23245.03,36195.58714285714,18179.649910875396,27067.338666666667,14301.523240747925
2011-09-18,15639.55,34846.54285714286,19447.864237344722,26989.65133333333,14358.859165579372
2011-09-19,46588.21,36472.44142857142,19952.22875111823,28352.529333333332,14208.228594483397
2011-09-20,103377.68,47272.48714285714,31550.932865388066,31223.92033333333,19574.955271217736
2011-09-21,38472.1,45894.71571428572,31718.067578413353,31970.566666666666,19403.55446795682
2011-09-22,57734.98,50997.74857142857,30066.092723570102,32276.58466666667,19743.53720790952
2011-09-23,31753.75,45258.75714285714,29227.77880530195,31533.877,19311.16144222836
2011-09-25,31164.781,46390.15014285715,28374.44258865733,31995.16736666667,19124.454934061017
2011-09-26,29265.511,48336.716,26305.208544683992,32490.342733333335,18843.698539700283
2011-09-27,29212.32,45854.446,27298.771578401276,32476.844733333335,18845.972429659898
2011-09-28,39001.91,36657.90742857143,10143.455411253291,33030.7744,18783.205861963037
2011-09-29,44671.27,37543.503142857146,10589.073399116965,33240.77106666667,18879.940156962566
2011-09-30,40023.44,35013.283142857144,6142.8971058098105,33826.843733333335,18805.88938663289
2011-10-02,11479.98,32117.030285714285,10884.88972025033,33406.326733333335,19168.545382061257
2011-10-03,62143.07,36542.50014285714,15676.137616126554,35121.54373333333,19366.621091281377
2011-10-04,38532.090000000004,37866.29714285715,15347.011493514241,36112.441066666666,18723.522303382928
2011-10-05,73975.56999999999,44261.04714285714,19815.494962433433,37894.0304,19706.514606374527
2011-10-06,60258.53,47297.707142857136,20492.416687746347,38657.36073333333,20124.148131154383
2011-10-07,49089.47,47928.87857142858,20466.063172524136,39286.88106666667,20145.964904216267
2011-10-09,12215.51,43956.31714285714,24548.042950766798,39129.717066666664,20343.80729902965
2011-10-10,42962.8,48453.86285714286,20084.478485504464,39380.48006666666,20343.121987118742
2011-10-11,46401.14,46205.01571428571,19156.09450815753,40078.28573333333,20207.99745608785
2011-10-12,27655.2,44651.17428571428,20289.8030734397,40267.8784,20058.348433509094
2011-10-13,32850.25,38776.12857142858,15852.36652957686,40594.6074,19846.905817446623
2011-10-14,32071.62,34749.427142857145,12765.459521761244,40827.56606666666,19699.019194802917
2011-10-16,21767.94,30846.35142857143,11789.726600489172,40379.60006666667,19982.015049192873
2011-10-17,46868.65,35796.8,9764.247126230524,41015.9764,19870.519583100933
2011-10-18,37248.16,34980.42285714286,9292.763493049748,40653.698399999994,19835.64411923295
2011-10-19,37227.88,33669.95714285714,7965.862172003614,41160.83606666666,19534.852539171
2011-10-20,60910.3,38420.68571428572,12440.54381603137,40793.62306666667,19033.69212726817
2011-10-21,60364.01,42351.22285714286,14554.144047160304,42030.9224,19060.05145338623
2011-10-23,12156.57,39506.21571428572,18349.963762159397,41914.82306666666,19236.14530824187
2011-10-24,38897.89,41953.351428571434,16653.98522308846,41658.47906666667,19222.956171870606
2011-10-25,36113.86,40416.95285714285,16621.006783440997,39416.35173333333,15297.969510253755
2011-10-26,34105.36,39967.98142857143,16762.712229769048,39270.79373333333,15328.00870041244
2011-10-27,55747.2,42613.59857142857,17693.74503512608,39204.5344,15249.535607258318
2011-10-28,37194.58,39225.638571428564,15772.656976490953,39385.8954,15190.106495528375
2011-10-30,34397.95,35516.201428571425,12733.267526844078,39493.6677,15141.15783425791
2011-10-31,33006.87,38494.81571428571,7866.977117031442,39618.37966666667,15069.24467706174
2011-11-01,29069.56,37090.76857142857,8623.702912164934,39613.621,15072.66623807049
2011-11-02,38536.44,37436.851428571434,8626.574384019146,39598.10533333334,15073.557190274385
2011-11-03,60536.09,41212.67,12035.953499611122,40126.93266666667,15529.087408404052
2011-11-04,55716.47,41208.27999999999,12029.772629350393,40650.03366666667,15787.640342835466
2011-11-06,42508.590000000004,41967.42428571429,11901.256902554305,41684.320666666674,14795.977730478833
2011-11-07,28602.73,41139.53571428572,12690.940411340544,40566.30933333333,14460.143633171007
2011-11-08,38151.91,41874.541428571436,12283.890759400387,40553.63666666667,14462.15432134367
2011-11-09,61241.58,46470.544285714284,12705.745228926822,40129.170333333335,13609.103877865973
2011-11-10,70373.03,51018.62857142858,14900.77788097932,40466.32033333334,14235.83793019654
2011-11-11,36932.07,47646.62571428572,15057.973116213108,40061.07366666667,14154.710237219142
2011-11-13,28416.01,43746.56,16117.671110390029,40601.09033333334,13341.408687147636
2011-11-14,58595.22,46044.65,17032.603748273526,41122.171,13736.269213219766
2011-11-15,47535.51,48749.33285714286,15206.645846599178,41159.98333333333,13752.853215308505
2011-11-16,48154.12,50178.22000000001,14498.329474382039,41843.280666666666,13566.719031045131
2011-11-17,55683.49,49384.20714285714,13932.612901920396,42604.388666666666,13684.774228595483
2011-11-18,36606.25,44560.381428571425,10989.135967036522,42755.543,13589.132762217205
2011-11-20,29642.39,43518.99857142857,12119.754130053507,43018.024666666664,13241.366414022254
2011-11-21,45202.01,45916.99857142858,10130.893977644933,42962.47,13228.143505746864
2011-11-22,49438.55,44608.90285714286,8712.981711271896,43368.81633333334,13233.789551309688
2011-11-23,71722.75,48064.22285714286,13530.935698160663,44518.645333333334,14148.758498245677
2011-11-24,38359.69,46665.01857142857,14017.743477782567,43766.958333333336,13843.620505011375
2011-11-25,26542.33,42501.99571428572,15172.657680427312,42639.569,13822.550949562677
2011-11-27,16969.25,39696.71000000001,17996.903146263838,42799.991666666676,13480.259531949534
2011-11-28,51632.21,42838.112857142856,17868.12368132867,43224.469000000005,13553.445633272368
2011-11-29,48640.57,43329.33571428571,17990.786823967148,43642.026,13519.747423844405
2011-11-30,41396.79,42180.51285714286,17791.309392144012,43885.07366666666,13407.466348866772
2011-12-01,44405.37,38278.030000000006,12414.942247625155,43507.01266666667,13220.043855264967
2011-12-02,44526.1,39158.94571428571,12638.462254633532,43751.39666666666,13166.987523867541
2011-12-04,20232.0,38257.469999999994,13854.879054664027,43279.198333333334,13754.877718147556
2011-12-05,58081.090000000004,44130.590000000004,11902.932909661438,44115.005666666664,13870.486181923374
2011-12-06,45989.66,43324.51142857143,11494.291127255981,44679.009,13578.541795567744
2011-12-07,69230.6,46265.944285714286,15138.324030271535,45702.147666666664,14240.026402411702
2011-12-08,50395.96,47551.54,15037.687092939792,45364.14333333333,13994.002197359556
2011-12-09,184347.66,67543.29571428572,53638.26399166733,49651.849666666676,28968.975852943597
